INSERT INTO Department (DEPT_ID, DEPT_NAME, DEPT_PHONE, DEPT_LOCATION)
VALUES
    ('DEPT-0001', N'อายุรกรรม', '0711111111', N'อาคาร 1'),
    ('DEPT-0002', N'กุมารเวช', '0722222222', N'อาคาร 1'),
    ('DEPT-0003', N'ฉุกเฉินและอุบัติเหตุ', '0733333333', N'อาคาร 1'),
    ('DEPT-0004', N'ผู้ป่วยหนัก', '0744444444', N'อาคาร 2'),
    ('DEPT-0005', N'จิตเวช', '0755555555', N'อาคาร 2')
;
    
INSERT INTO PatientRegistration (PAR_IDCARD, PAR_NAME, PAR_SURNAME, PAR_GENDER, PAR_BIRTHDATE, PAR_ADDRESS, PAR_PER_PHONE, PAR_REL_PHONE, PAR_WEIGHT, PAR_HEIGHT)
VALUES
	('1103111111111', N'เกียรตินคร', N'กิติสมพงศ์', 'MALE', '09-09-1995', N'574/11 ถนนพหลโยธิน58 แขวงสายไหม เขตสายไหม กรุงเทพมหานคร 10220', '0811111111', '0866666666', '120.90', '167.00'),
    ('1103222222222', N'ชาติ', N'ธรรมวงศ์', 'MALE', '02-02-1995', N'21/1 ถนนนาคราช แขวงคลองมหานาค เขตป้อมปราบ กรุงเทพมหานคร 10110', '0822222222', '0877777777', '56.20', '156.00'),
    ('1103333333333', N'รัตนพิรมย์', N'ภูงาม', 'FEMALE', '04-04-1990', N'15/4 ถนนสุขสวัสดิ์ ตำบลบางพึ่ง อำเภอพระประแดง สมุทรปราการ 10130', '0833333333', '0888888888', '45.50', '150.00'),
    ('1103444444444', N'ภาริน', N'โอภาสเจริญ', 'FEMALE', '10-10-1992', N'954/22 ถนนนครไชยศรี แขวงถนนนครไชยศรี เขตดุสิต กรุงเทพมหานคร 10300', '0844444444', '0899999999', '46.40', '151.00'),
    ('1103555555555', N'พัฒนภัทร', N'อาชาไชย', 'MALE', '07-07-1997', N'63/6 ถนนนราธิป ตำบลชะอำ อำเภอชะอำ เพชรบุรี 76120', '0855555555', '0800000000', '87.80', '187.00')
;
    
INSERT INTO PatientHealthInformation (PAR_IDCARD, PAR_HE_DISEASE, PAR_HE_DRUG_ALLERGY, PAR_HE_ILLNESS_REC)
VALUES
    ('1103111111111', N'เบาหวาน, ความดันโลหิตสูง', '', ''),
    ('1103222222222', '', N'ยากลุ่มเพนนิซิลิน', ''),
    ('1103333333333', '', '', ''),
    ('1103444444444', N'หอบหืด', '', ''),
    ('1103555555555', N'ตับอักเสบเรื้อรัง', '', '')
;
    
INSERT INTO DoctorLicense (DOC_LICENSE_ID, DOC_LICENSE_SPEC, DOC_LICENSE_DEPT)
VALUES
	(N'พท.บ.00001', N'อายุรศาสตร์', ''),
    (N'ท.00101', N'จักษุวิทยา', ''),
    (N'ท.00110', N'ประสาทศัลยศาสตร์', ''),
    (N'พท.บ.00111', N'กุมารเวชศาสตร์', ''),
    (N'ว.00191', N'อายุรศาสตร์', '')
;

INSERT INTO Doctor (DOC_LICENSE_ID, DOC_IDCARD, DOC_NAME, DOC_SURNAME, DOC_GENDER, DOC_BIRTHDATE, DOC_ADDRESS, DOC_EMAIL, DOC_PHONENUM)
VALUES 
	(N'พท.บ.00001','1103703277430',N'สมชาย',N'ชาติเชื้อ','MALE','1990-07-17',N'1/35 ถนนงามวงศ์วาน เขตหลักสี่ แขวงทุ้งสองห้อง กรุงเทพมหานคร 10210 ','somchai_chat@gmail.com','0925138181'),
    (N'ท.00101','1373703378530',N'ฐิติชญา',N'วีรกรพาณิช','FEMALE','1990-07-15',N'1/292 ถนนรัตาธิเบศน์18 ตำบลบางกะสอ อำเภอเมืองนนทบุรี นนทบุรึ 11000','algie_vee@gmail.com','0920926386'),
    (N'ท.00110','1103257001240',N'สุพรรษา',N'งามเมือง','FEMALE','1990-07-14',N'1/25 ถนนเจ้าฟ้าตะวันออก ตำบลกระทู้ อำเภอกระทู้ ภูเก็ต 83120','supansa.bu@gmail.com','0812377789'),
    (N'พท.บ.00111','1102312023101',N'ชัยพล',N'เกิดผล','MALE','1990-07-12',N'1/895 ถนนสุขุมวิท ตำบลศรีราชา อำเภอศรีราชา ชลบุรี 20110 ','chaipol_koed@hotmail.com','0880124465'),
    (N'ว.00191','1941012350103',N'ศศิธร',N'พรมชาติ','FEMALE','1990-07-11',N'1/33 ถนนแจ้งวัฒนะ ตำบลบ้านใหม่ อำเภอปากเกร็ด นนทบุรี 11120 ','sasitorn_prom@hotmail.com','0926474954') 
;
    
INSERT INTO DoctorsOffice (DOC_OFF_ID, DOC_OFF_EXAM, DOC_OFF_DATE, DOC_OFF_LOCATION)
VALUES
	('ROOM-101', '10:00:00', '2023-05-02', N'อาคาร 1'),
    ('ROOM-102', '09:00:00', '2023-05-03', N'อาคาร 1'),
    ('ROOM-103', '08:00:00', '2023-05-04', N'อาคาร 1'),
    ('ROOM-201', '07:00:00', '2023-05-05', N'อาคาร 2'),
    ('ROOM-202', '06:00:00', '2023-05-06', N'อาคาร 2')
;

INSERT INTO Pharmacist (PMC_LICENSE_ID, PMC_NAME, PMC_SURNAME, PMC_GENDER, PMC_BIRTHDATE, PMC_ADDRESS, PMC_PHONENUM, PMC_EMAIL, PMC_IDCARD)
VALUES
	(N'ภ.11111', N'ธนิสรา', N'จรัสวงศ์', 'FEMALE', '01-01-1981', N'88/5 ถนนแจ้งวัฒนะ แขวงทุ่งสองห้อง เขตหลักสี่ กรุงเทพมหานคร 10210', '0955555555', 'thanissara.jara@gmail.com', '1103121212121'),
    (N'ภ.22222', N'วลัยพร', N'ปัทมเดชา', 'FEMALE', '02-02-1982', N'87/42 ถนนสุขุมวิท ตำบลปากน้ำ อำเภอเมือง สมุทรปราการ 10270', '0966666666', 'walaiporn.patt@gmail.com', '1103131313131'),
    (N'ภ.33333', N'นเรศ', N'บำรุงกาญจน์', 'MALE', '03-03-1983', N'129/31 ถนนกรุงเทพ-นนทบุรี แขวงบางซื่อ เขตบางซื่อ กรุงเทพมหานคร 10800', '0977777777', 'nares.bumr@gmail.com', '1103141414141'),
    (N'ภ.44444', N'สรวิทย์', N'สันติกสุล', 'MALE', '04-04-1984', N'227/12 ถนนพหลโยธิน แขวงลาดยาว เขตจัตุจักร กรุงเทพมหานคร 10900', '0988888888', 'sorawit.sant@gmail.com', '1103151515151'),
    (N'ภ.55555', N'กฤต', N'พงศ์พัฒนา', 'MALE', '05-05-1985', N'289/1 ถนนติวานนท์ ตำบลบางกระสอ อำเภอเมือง นนทบุรี 11000', '0999999999', 'krit.pong@gmail.com', '1103161616161')
;

INSERT INTO DrugWarehouse (DWR_ID, DWR_CAPACITY, DWR_DRUG, DWR_UPDATE_DATE)
VALUES
	('DWR-01', 10000, 'Cetirizine', '2023-01-05 12:00:00'),
    ('DWR-02', 10000, 'Ambroxol', '2023-02-02 12:00:00'),
    ('DWR-03', 10000, 'Meclizine', '2023-03-03 12:00:00'),
    ('DWR-04', 10000, 'Sulfonamides', '2023-04-04 12:00:00'),
    ('DWR-05', 10000, 'Antipsychotics', '2023-05-05 12:00:00')
; 

INSERT INTO Workinformation (WORK_ID, DEPT_ID, PMC_LICENSE_ID, WORK_TIME)
VALUES
	('WID-00001','DEPT-0001',N'ภ.11111','2023-11-11 12:00:00'),
    ('WID-00002','DEPT-0002',N'ภ.22222','2023-11-12 16:00:00'),
    ('WID-00003','DEPT-0003',N'ภ.33333','2023-11-13 10:00:00'),
    ('WID-00004','DEPT-0004',N'ภ.44444','2023-11-14 12:00:00'),
    ('WID-00005','DEPT-0005',N'ภ.55555','2023-11-15 16:00:00')
;

INSERT INTO MedicalRecord (MREC_ID, PAR_IDCARD, DOC_LICENSE_ID, MREC_DATE, MREC_SYMPTOMS, MREC_ADVICE)
VALUES
	('MREC-0000001', '1103111111111', N'พท.บ.00001', '01-01-2023', N'ปวดบริเวณใต้ลิ้นปี่ เจ็บหน้าอก', ''),
	('MREC-0000002', '1103222222222', N'ท.00101', '02-02-2023', N'ไข้สูง หนาวสั่น ปวดเมื่อยตามข้อมือและข้อเท้า', ''),
    ('MREC-0000003', '1103333333333', N'ท.00110', '03-03-2023', N'คลื่นไส้ วิงเวียนศรีษะ อาเจียนก่อนมาโรงพยาบาล', ''),
    ('MREC-0000004', '1103444444444', N'พท.บ.00111', '04-04-2023', N'ปวดเสียดบริเวณท้องน้อยด้านขวา', ''),
    ('MREC-0000005', '1103555555555', N'ว.00191', '05-05-2023', N'ไอ ระคายคอ มีเสมหะ', N'พักผ่อนให้เพียงพอ จิบน้ำบ่อยๆ')
;

INSERT INTO Prescription (PRES_ID, PAR_IDCARD, DOC_LICENSE_ID, PRES_MEDNAME, PRES_MEDTYPE, PRES_MEDQTY, PRES_DATE)
VALUES
	('PRES-000001','1103111111111', N'พท.บ.00001', 'Paracetamol', 'Caplet', 1, '01-01-2023'),
    ('PRES-000002','1103222222222', N'ท.00101', 'Paracetamol', 'Caplet', 1, '02-02-2023'),
    ('PRES-000003','1103333333333', N'ท.00110', 'Paracetamol', 'Caplet', 1, '03-03-2023'),
    ('PRES-000004','1103444444444', N'พท.บ.00111', 'Paracetamol', 'Caplet', 1, '04-04-2023'),
    ('PRES-000005','1103555555555', N'ว.00191', 'Paracetamol', 'Caplet', 1, '05-05-2023')
;

INSERT INTO PrescriptionManagement (PRES_MAN_ID, DOC_LICENSE_ID , PRES_ID, PRES_MAN_TIME)
VALUES
	('M-PRES000001', N'พท.บ.00001', 'PRES-000001', '2023-01-01 10:00:00'),
    ('M-PRES000002', N'ท.00101', 'PRES-000002', '2023-02-02 10:00:00'),
    ('M-PRES000003', N'ท.00110', 'PRES-000003', '2023-03-03 10:00:00'),
    ('M-PRES000004', N'พท.บ.00111', 'PRES-000004', '2023-04-04 10:00:00'),
    ('M-PRES000005', N'ว.00191', 'PRES-000005', '2023-05-05 10:00:00')
;

INSERT INTO DispensingRecord (PRES_ID, PMC_LICENSE_ID , DISP_REC_DATE)
VALUES
	('PRES-000001', N'ภ.11111', '01-01-2023'),
    ('PRES-000002', N'ภ.22222', '02-02-2023'),
    ('PRES-000003', N'ภ.33333', '03-03-2023'),
    ('PRES-000004', N'ภ.44444', '04-04-2023'),
    ('PRES-000005', N'ภ.55555', '05-05-2023')
; 

INSERT INTO DispensingRecordManagement (DISP_REC_MAN_ID, PRES_ID, PMC_LICENSE_ID, DISP_REC_MAN_TIME)
VALUES
	('M-DISP000001', 'PRES-000001', N'ภ.11111', '2023-01-01 12:00:00'),
	('M-DISP000002', 'PRES-000002', N'ภ.22222', '2023-02-02 12:00:00'),
    ('M-DISP000003', 'PRES-000003', N'ภ.33333', '2023-03-03 12:00:00'),
    ('M-DISP000004', 'PRES-000004', N'ภ.44444', '2023-04-04 12:00:00'),
    ('M-DISP000005', 'PRES-000005', N'ภ.55555', '2023-05-05 12:00:00')
;

INSERT INTO DrugandMedicalSupply (DMS_ID, DWR_ID, DMS_GENERIC_NAME, DMS_TRADE_NAME, DMS_PRICE, DMS_DOSAGE, DMS_AMOUNT, DMS_UNIT, DMS_QTY_PER_UNIT, DMS_EXP)
VALUES
	('DMS-0001', 'DWR-01', 'Acyclovir', 'Covir 400 mg', 48.00, 40.00, 1000, '1s', 12, '01-01-2050'),
    ('DMS-0002', 'DWR-02', 'Antacid tab', 'Amacone', 245.00, 20.00, 1000, '1s', 12, '01-01-2060'),
    ('DMS-0003', 'DWR-03', 'Adenosine', 'ADENOCOR INJECTION ', 2313.34, 20.00, 1000, '1s 2ml', 12, '01-01-2070'),
    ('DMS-0004', 'DWR-04', 'Amoxicillin', 'Fleming 1000mg', 320.00, 10.00, 1000, '1s', 12, '01-01-2050'),
    ('DMS-0005', 'DWR-05', 'Amiodarone ', 'EURYTHMIC', 380.00, 40.00, 1000, '1s 3ml', 12, '01-01-2060')
;

INSERT INTO DrugandMedicalSupplyManagement (DMS_MAN_ID, PMC_LICENSE_ID, DMS_ID, DMS_MAN_TIME)
VALUES
	('M-DMS0001', N'ภ.11111', 'DMS-0001', '2023-01-01 12:00:00'),
    ('M-DMS0002', N'ภ.22222', 'DMS-0002', '2023-01-01 13:00:00'),
    ('M-DMS0003', N'ภ.33333', 'DMS-0003', '2023-01-01 14:00:00'),
    ('M-DMS0004', N'ภ.44444', 'DMS-0004', '2023-01-01 15:00:00'),
    ('M-DMS0005', N'ภ.55555', 'DMS-0005', '2023-01-01 16:00:00')
;

INSERT INTO DrugShelf (SHELF_ID, DEPT_ID, DMS_ID, SHELF_CAPACITY)
VALUES
	('SH-A001', 'DEPT-0001', 'DMS-0001', 100),
    ('SH-A002', 'DEPT-0002', 'DMS-0002', 100),
    ('SH-A003', 'DEPT-0003', 'DMS-0003', 100),
    ('SH-B001', 'DEPT-0004', 'DMS-0004', 100),
    ('SH-B002', 'DEPT-0005', 'DMS-0005', 100)
;